Timestamp,Station,Value,Type
11/1/2019 18:15,AAA,NULL,suction
11/1/2019 18:15,AAA,200,discharge
11/1/2019 18:15,BBB,50,suction
11/1/2019 18:15,BBB,310,discharge
11/1/2019 18:15,CCC,70,suction
11/1/2019 18:15,CCC,NULL,discharge
11/1/2019 18:30,AAA,NULL,suction
11/1/2019 18:30,AAA,240,discharge
11/1/2019 18:30,BBB,90,suction
11/1/2019 18:30,BBB,310,discharge
11/1/2019 18:30,CCC,70,suction
11/1/2019 18:30,CCC,NULL,discharge
11/1/2019 18:45,AAA,NULL,suction
11/1/2019 18:45,AAA,300,discharge
11/1/2019 18:45,BBB,150,suction
11/1/2019 18:45,BBB,300,discharge
11/1/2019 18:45,CCC,50,suction
11/1/2019 18:45,CCC,NULL,discharge
11/1/2019 17:00,AAA,NULL,suction
11/1/2019 17:00,AAA,320,discharge
11/1/2019 17:00,BBB,160,suction
11/1/2019 17:00,BBB,290,discharge
11/1/2019 17:00,CCC,40,suction
11/1/2019 17:00,CCC,NULL,discharge
11/2/2019 18:15,AAA,NULL,suction
11/2/2019 18:15,AAA,200,discharge
11/2/2019 18:15,BBB,50,suction
11/2/2019 18:15,BBB,310,discharge
11/2/2019 18:15,CCC,70,suction
11/2/2019 18:15,CCC,NULL,discharge
11/2/2019 18:30,AAA,NULL,suction
11/2/2019 18:30,AAA,240,discharge
11/2/2019 18:30,BBB,90,suction
11/2/2019 18:30,BBB,310,discharge
11/2/2019 18:30,CCC,70,suction
11/2/2019 18:30,CCC,NULL,discharge
11/2/2019 18:45,AAA,NULL,suction
11/2/2019 18:45,AAA,300,discharge
11/2/2019 18:45,BBB,150,suction
11/2/2019 18:45,BBB,300,discharge
11/2/2019 18:45,CCC,50,suction
11/2/2019 18:45,CCC,NULL,discharge
11/2/2019 17:00,AAA,NULL,suction
11/2/2019 17:00,AAA,320,discharge
11/2/2019 17:00,BBB,160,suction
11/2/2019 17:00,BBB,290,discharge
11/2/2019 17:00,CCC,40,suction
11/2/2019 17:00,CCC,NULL,discharge